序号,代码,名称,涨跌幅,最新价,成交额,流通市值,总市值,换手率,封板资金,首次封板时间,最后封板时间,炸板次数,涨停统计,连板数,所属行业,trade_date
1,603311,金海高科,-100.0,0.0,0,0.0,0.0,0.0,0,000000,000000,0,1/1,1,家电零部,20260511
2,002918,蒙娜丽莎,10.025928497314453,12.73,97689765,2726658813.4,5204107101.440001,3.5827646255493164,57435468,092500,092500,0,2/2,2,家居用品,20260511
3,300449,汉邦高科,19.949811935424805,9.56,81023218,3690504054.84,3690504007.04,2.195451259613037,373216358,092500,092500,0,1/1,1,计算机设,20260511
4,603459,红板科技,10.006169319152832,89.16,233661790,7048263659.28,67204669549.439995,3.3151681423187256,313655964,092501,092501,0,3/3,3,元件,20260511
5,600172,黄河旋风,10.011248588562012,9.78,690435920,12481781235.0,14104564214.4,5.531549453735352,223075149,092501,092501,0,1/1,1,通用设备,20260511
6,603045,福达合金,9.993562698364258,68.35,37175565,9257676344.25,9257676344.25,0.40156474709510803,141375140,092502,092502,0,5/5,5,金属新材,20260511
7,002491,通鼎互联,10.01936149597168,22.73,1981928928,26741137437.83,27957774894.08,7.422080039978027,211286646,093000,093748,2,3/3,3,通信设备,20260511
8,002108,沧州明珠,10.085470199584961,6.44,513482672,10609888446.640001,10616972459.52,4.846920013427734,118407920,093003,093100,1,1/1,1,塑料,20260511
9,600530,交大昂立,10.084033966064453,6.55,90086496,5075726000.0,5075726000.0,1.7814290523529053,45838210,093025,093025,0,2/2,2,食品加工,20260511
10,688545,兴福电子,20.0,75.6,2028367872,13778099999.999998,27215999999.999996,14.957512855529785,62501166,093058,140046,5,1/1,1,电子化学,20260511
11,600545,卓郎智能,9.981851577758789,6.06,317387280,10834748065.32,10834748077.439999,2.9601035118103027,156919700,093111,093111,0,6/3,2,专用设备,20260511
12,601991,大唐发电,9.9277982711792,6.09,1681210720,75492182655.54,112705867115.52,2.2451579570770264,673522727,093125,093125,0,4/4,4,电力,20260511
13,605006,山东玻纤,10.020174980163574,16.36,289373760,9816791398.64,9816791300.48,2.9697909355163574,106019409,093142,093142,0,8/5,3,玻璃玻纤,20260511
14,600683,京投发展,9.982587814331055,18.95,912841744,14037735463.15,14037735520.0,6.516562461853027,25493510,093217,131856,17,2/2,2,房地产开,20260511
15,600076,康欣新材,10.0,3.96,243837284,5324391733.32,5324391705.6,4.6493988037109375,66082357,093240,093240,0,2/2,2,包装印刷,20260511
16,603738,泰晶科技,9.997873306274414,51.71,1343871856,19954242211.32,19954242004.48,6.771122932434082,87449314,093312,094230,5,6/4,3,元件,20260511
17,300302,同有科技,20.0,42.6,2773628000,15711471927.0,20416637539.2,17.90378189086914,115761240,093315,100921,2,1/1,1,计算机设,20260511
18,002865,钧达股份,9.996892929077148,106.18,2767724192,23734241052.440002,33050228976.640003,11.701151847839355,17944420,093333,143736,39,2/2,2,光伏设备,20260511
19,603269,海鸥股份,10.017783164978027,18.56,354591952,5730432814.08,5730432962.559999,6.2447943687438965,52441280,093413,103537,1,4/2,1,通用设备,20260511
20,001331,胜通能源,10.00200080871582,54.99,329979984,10840013730.0,15520377600.0,3.0622689723968506,105630291,093424,093424,0,1/1,1,燃气Ⅱ,20260511
21,600234,科新发展,9.996504783630371,31.47,342212608,8261535020.309999,8261535020.309999,4.188771724700928,4232085,093446,140428,8,2/2,2,装修装饰,20260511
22,002975,博杰股份,10.005216598510742,105.44,707220976,14482609872.16,16902305405.92,4.949163436889648,155462844,093557,093557,0,1/1,1,自动化设,20260511
23,688766,普冉股份,20.0,381.0,3888487856,56406707862.0,56406707862.0,7.050681114196777,58146696,093602,142805,8,1/1,1,半导体,20260511
24,688618,三旺通信,20.0,46.8,344667120,5150239286.4,5156687484.0,6.831178665161133,37912726,093650,105053,3,1/1,1,通信设备,20260511
25,605189,富春染织,10.027547836303711,19.97,407892240,3875731389.4199996,3875731389.4199996,10.673792839050293,12296367,093734,100107,2,2/2,2,纺织制造,20260511
26,600748,上实发展,10.03649616241455,6.03,235816463,11122714238.76,11122714262.880001,2.1505696773529053,28220948,093737,094019,2,2/2,2,房地产开,20260511
27,000636,风华高科,10.0115966796875,28.46,2034184736,32928593139.06,32928596127.36,6.260205268859863,100778510,093812,094151,3,1/1,1,元件,20260511
28,300736,百邦科技,19.98805046081543,40.16,734981936,5008252677.919999,5137842451.839999,15.071680068969727,41852784,093815,094700,2,1/1,1,其他电子,20260511
29,001259,利仁科技,10.010649681091309,41.32,102110224,1964538698.68,3040692852.16,5.269928455352783,24808073,093827,093827,0,1/1,1,小家电,20260511
30,688350,富淼科技,19.98771858215332,39.08,260663237,5598000062.24,5598000062.24,4.760401248931885,63628062,094042,094042,0,1/1,1,化学制品,20260511
31,002179,中航光电,9.994583129882812,40.61,4429385728,85139017328.11,85988733536.48,5.237530708312988,201576100,094051,133403,9,1/1,1,军工电子,20260511
32,605255,天普股份,9.998061180114746,113.43,177206930,15208694400.0,15208694400.0,1.1888514757156372,23796252,094216,094337,2,1/1,1,汽车零部,20260511
33,600078,澄星股份,10.03389835357666,16.23,949845392,10753557534.03,10984672782.720001,9.060091972351074,64072729,094252,103216,2,2/2,2,农化制品,20260511
34,603773,沃格光电,10.006872177124023,80.03,2034599664,17979430398.99,17985672738.99,11.44969367980957,5458286,094258,144552,34,1/1,1,光学光电,20260511
35,600184,光电股份,10.0,27.28,911902752,15896805327.04,15896805436.16,5.850491046905518,119946750,094302,094302,0,1/1,1,地面兵装,20260511
36,000425,徐工机械,10.03009033203125,10.97,2470390944,98420839587.59001,128882314009.6,2.543142318725586,49952805,094357,132124,2,1/1,1,工程机械,20260511
37,002124,天邦食品,10.077519416809082,2.84,772986256,5600958917.719999,6310292105.599999,14.183277130126953,51741332,094712,110654,1,1/1,1,养殖业,20260511
38,603757,大元泵业,10.009099960327148,60.45,658006752,11276781806.550001,11276781806.550001,5.95344352722168,90801582,094747,094747,0,1/1,1,通用设备,20260511
39,000791,甘肃能源,10.0,10.12,1577540096,19588598734.32,32827658209.28,8.228436470031738,61831246,094839,102357,3,1/1,1,电力,20260511
40,002334,英威腾,9.975961685180664,9.15,1267768080,6725360660.1,7528076563.200001,19.02615737915039,81311475,094933,135330,3,1/1,1,自动化设,20260511
41,605186,健麾信息,10.024569511413574,22.39,127951553,3045040000.0,3045040000.0,4.283414840698242,49168440,095101,095101,0,1/1,1,自动化设,20260511
42,600854,春兰股份,9.963099479675293,5.96,131418498,3095972886.48,3095972922.24,4.382114887237549,38962617,095218,095218,0,1/1,1,房地产开,20260511
43,600769,祥龙电业,10.0,19.58,330703728,7342053575.999999,7342053575.999999,4.630241870880127,22485554,095235,100235,2,1/1,1,环境治理,20260511
44,688551,科威尔,20.0079402923584,60.46,511398896,5082915066.14,5082915066.14,10.283592224121094,1804610,095443,134210,11,1/1,1,其他电源,20260511
45,002585,双星新材,10.012674331665039,8.68,520057888,7697048451.12,9906680237.44,6.904488563537598,131137743,095451,095451,0,1/1,1,塑料,20260511
46,600379,宝光股份,10.029850959777832,18.43,1705025008,6085614824.5199995,6085614898.24,28.73563003540039,20586162,095602,134629,18,7/5,1,电网设备,20260511
47,600236,桂冠电力,10.028382301330566,11.63,431884976,91672053837.26001,91672052976.64,0.484686940908432,77553887,095918,100554,2,1/1,1,电力,20260511
48,002066,瑞泰科技,9.987141609191895,25.66,162175967,5927460000.0,6027713620.0,2.7959415912628174,53893698,100033,100033,0,1/1,1,装修建材,20260511
49,600259,中稀有色,10.005047798156738,108.96,3216974000,36658056753.6,36658056099.84,8.966224670410156,12083664,100144,144405,5,1/1,1,小金属,20260511
50,000811,冰轮环境,10.007610321044922,28.91,1021666736,28285419137.71,28692538517.44,3.65761137008667,108289169,101351,101351,0,1/1,1,通用设备,20260511
51,600330,天通股份,10.013717651367188,32.08,4094547360,39568576065.28,39568576065.28,10.708460807800293,407322454,101503,101503,0,1/1,1,电子化学,20260511
52,600869,远东股份,9.984151840209961,20.82,2523128464,46206924171.72,46206924296.64,5.569032669067383,684978,101527,145551,27,1/1,1,电网设备,20260511
53,000062,深圳华强,9.98874568939209,39.09,3282618784,40845144009.93,40884595631.520004,8.323530197143555,237214303,101648,101648,0,1/1,1,其他电子,20260511
54,600601,方正科技,9.983498573303223,13.33,5376294400,55590009515.71,56968992590.4,9.838105201721191,76893931,101929,140126,8,1/1,1,元件,20260511
55,600198,大唐电信,9.954751014709473,9.72,632693280,12654952094.880001,12671026369.92,5.150118350982666,113966990,102235,102235,0,1/1,1,通信设备,20260511
56,600584,长电科技,10.009852409362793,55.83,8971881216,99903015443.09999,99903015778.08,9.108803749084473,606467276,102927,102927,0,1/1,1,半导体,20260511
57,300616,尚品宅配,19.986356735229492,17.59,360413600,2730253696.78,3949236088.2,14.014864921569824,20375200,103121,131403,3,1/1,1,家居用品,20260511
58,003031,中瓷电子,10.002140998840332,154.08,2601094112,52411343719.68001,69498225285.12001,5.0708327293396,19004227,103457,143503,8,1/1,1,通信设备,20260511
59,603499,翔港科技,10.01430606842041,23.07,473489312,6980852577.3,6980852438.88,6.89884614944458,4432208,103620,141944,13,1/1,1,包装印刷,20260511
60,001221,悍高集团,10.008657455444336,63.53,229125264,2287651770.0,25412635300.0,10.271224021911621,52233095,103803,103803,0,1/1,1,家居用品,20260511
61,603936,博敏电子,10.010881423950195,20.22,2303605600,12746647640.88,12746647560.0,18.58056640625,14581046,103816,144831,23,4/2,1,元件,20260511
62,603150,万朗磁塑,10.0,73.48,181103240,6281290840.0,6281290840.0,3.007256507873535,68630320,103907,103907,0,1/1,1,塑料,20260511
63,000672,上峰水泥,10.0,15.62,617929920,15141956929.0,15141957022.72,4.196873188018799,70665332,104842,130142,1,1/1,1,水泥,20260511
64,603303,得邦照明,9.978654861450195,20.61,168293457,9829827690.75,9829827711.36,1.7423697710037231,23918275,105233,105233,0,1/1,1,照明设备,20260511
65,002943,宇晶股份,10.0,81.95,925094592,11941757851.65,16851201160.2,7.949092864990234,82715003,105300,105300,0,1/1,1,通用设备,20260511
66,688328,深科达,20.003414154052734,70.31,731977312,6641222101.45,6641222101.45,11.854437828063965,83137286,105857,105857,0,1/1,1,专用设备,20260511
67,002623,亚玛顿,9.990958213806152,24.33,287871952,4832816921.25,4843190625.0,6.251891136169434,81675469,110221,110221,0,1/1,1,光伏设备,20260511
68,002552,宝鼎科技,10.018083572387695,30.42,1220817600,11209870051.380001,11802513677.76,11.27158260345459,62297118,110306,110721,1,3/3,3,元件,20260511
69,300604,长川科技,19.9989013671875,218.41,9729833472,106905456118.34999,138563368173.28,9.614947319030762,9151379,111439,145657,7,1/1,1,半导体,20260511
70,002396,星网锐捷,9.993084907531738,31.81,2019715088,18554145643.18,18630961258.239998,11.140592575073242,17307821,111754,133706,9,1/1,1,通信设备,20260511
71,001211,双枪科技,10.011300086975098,48.68,291084032,3261389620.0,3504960000.0,9.2995023727417,17802276,112215,130321,1,1/1,1,家居用品,20260511
72,000922,佳电股份,9.980682373046875,17.08,522121552,10033018361.24,11870346396.159998,5.386606693267822,66796190,112609,130018,1,1/1,1,电机Ⅱ,20260511
73,688146,中船特气,20.002504348754883,95.81,2521595184,13889656372.02,50722940725.6,19.23855972290039,1510636,130229,145014,13,1/1,1,半导体,20260511
74,301188,力诺药包,20.0,33.0,1059793280,8828708295.0,8828708295.0,12.867379188537598,21122871,130254,130930,4,1/1,1,医疗器械,20260511
75,603275,众辰科技,10.006189346313477,53.32,440564160,2214697547.16,7932515095.32,20.43958854675293,19101570,130329,140005,9,1/1,1,自动化设,20260511
76,688189,南新制药,20.02275276184082,10.55,339074896,2894920000.0,2894920000.0,12.311996459960938,44156972,130955,130955,0,1/1,1,化学制药,20260511
77,002030,达安基因,9.939759254455566,7.3,1176601120,10245156033.6,10245156033.6,12.160968780517578,97548388,131148,131148,0,2/2,2,医疗器械,20260511
78,600396,华电辽能,9.967845916748047,13.68,3163997216,20146629256.56,20146629242.88,16.20592498779297,135028385,131641,131641,0,18/9,1,电力,20260511
79,002718,友邦吊顶,9.997196197509766,78.45,176648886,7372795642.8,10155182185.050001,2.502180576324463,111175417,131736,131736,0,1/1,1,装修建材,20260511
80,605090,九丰能源,10.006933212280273,47.6,2704883952,33535483676.8,33601614547.2,8.318140029907227,376040,132215,150000,20,1/1,1,燃气Ⅱ,20260511
81,600488,津药药业,10.0,6.6,893162048,7206452088.0,7206452140.799999,13.184874534606934,104148000,132537,132537,0,1/1,1,化学制药,20260511
82,001389,广合科技,10.0,190.3,2521261184,28922953688.2,89915373750.40001,8.936178207397461,21827410,132912,140330,14,4/2,1,元件,20260511
83,002971,和远气体,10.016051292419434,34.27,460466256,5359874264.500001,7256843850.000001,8.96331787109375,79009142,133100,133100,0,1/1,1,化学制品,20260511
84,920699,海达尔,29.995405197143555,56.6,162681341,1181541980.0,2582391980.0,14.976834297180176,8320369,133223,144829,2,1/1,1,家电零部,20260511
85,000029,深深房Ａ,10.004568099975586,24.08,308810992,21471172800.0,24360772800.0,1.4858711957931519,89477595,133406,133406,0,1/1,1,房地产开,20260511
86,002008,大族激光,10.003276824951172,134.27,8736127488,128459785581.14001,138244849592.16,7.048672199249268,40307719,133842,145033,7,3/2,1,自动化设,20260511
87,601858,中国科传,10.00791072845459,27.81,515574816,21983805000.0,21983805000.0,2.456916332244873,36064008,134439,134439,0,1/1,1,出版,20260511
88,688603,天承科技,20.00396156311035,121.18,1143073264,5746550336.26,15114117818.320002,21.06568717956543,11763184,135544,143614,12,1/1,1,电子化学,20260511
89,000739,普洛药业,9.988584518432617,19.27,518307392,22314821964.35,22323207863.68,2.426551103591919,76639102,140439,140439,0,1/1,1,化学制药,20260511
90,000712,锦龙股份,10.028929710388184,11.41,773525968,10220326366.25,10223360000.0,7.824533939361572,80489494,140533,140533,0,1/1,1,证券Ⅱ,20260511
91,601609,金田股份,10.028929710388184,11.41,1188800432,19723761782.13,19723761770.72,6.191656112670898,106327656,143440,143440,0,1/1,1,工业金属,20260511
92,002640,跨境通,9.927360534667969,4.54,1803195376,7029109502.7,7073507629.12,26.53213119506836,98165696,143924,143924,0,5/3,1,互联网电,20260511
93,920125,鸿仕达,29.992950439453125,129.07,597436592,2127272238.7299998,7248571200.0,30.911785125732422,20677788,144535,144535,0,6/3,1,自动化设,20260511
94,001207,联科科技,9.977827072143555,19.84,318224592,5805622305.28,6014252840.96,5.745336532592773,66396147,145309,145309,0,1/1,1,橡胶,20260511
95,002281,光迅科技,9.998892784118652,198.79,14766375680,154956560885.88,160359074330.4,9.882230758666992,100667256,145418,145418,0,2/2,2,通信设备,20260511
1,000409,云鼎科技,10.052355766296387,10.51,110704226,6205980365.84,7123157881.12,1.7838313579559326,69386000,092500,092500,0,1/1,1,IT服务Ⅱ,20260525
2,300275,梅安森,20.0,11.7,130924638,3176099000.1,3603659342.3999996,4.122183799743652,93159378,092500,092500,0,1/1,1,计算机设,20260525
3,000636,风华高科,9.994683265686035,41.38,360850352,47877202533.18,47877206878.08,0.753699779510498,795745469,092500,092500,0,5/3,2,元件,20260525
4,002938,鹏鼎控股,9.997114181518555,114.32,2390069600,264014406281.99997,264999593063.68,0.9054148197174072,179098284,092500,092500,0,2/2,2,元件,20260525
5,600539,狮头股份,10.033670425415039,16.34,638827888,3758200000.0,3758200000.0,17.707258224487305,5705928,092501,145655,1,2/2,2,互联网电,20260525
6,603661,恒林股份,9.990777969360352,35.78,49014306,4975818369.18,4975818369.18,0.9850501418113708,44586173,092503,092503,0,3/3,3,家居用品,20260525
7,002526,山东矿机,10.032362937927246,3.4,196171466,6021687089.2,6061499056.0,3.25884747505188,90153485,093000,093000,0,1/1,1,专用设备,20260525
8,603871,嘉友国际,9.981851577758789,12.12,317517168,16580264934.96,16580264910.72,1.9195431470870972,57819381,093003,094436,2,1/1,1,物流,20260525
9,002585,双星新材,10.022271156311035,9.88,427925296,8761156531.92,11276267367.04,4.9136152267456055,209145224,093012,093012,0,2/2,2,塑料,20260525
10,605111,新洁能,10.005220413208008,63.22,565825296,26257324885.739998,26257324443.2,2.164335250854492,119472839,093037,093037,0,1/1,1,半导体,20260525
11,600503,华丽家族,10.0,2.86,231175001,4582549400.0,4582549400.0,5.099912643432617,22397804,093050,093225,1,2/2,2,房地产开,20260525
12,601608,中信重工,10.052909851074219,6.24,256954703,28576413446.88,28576414064.64,0.9013035893440247,134925148,093104,093104,0,1/1,1,专用设备,20260525
13,002741,光华科技,10.015772819519043,27.9,1228318816,11895394198.5,12974122281.599998,10.411032676696777,89988660,093115,100312,3,2/2,2,电子化学,20260525
14,002975,博杰股份,10.00411319732666,133.71,1592940416,18365608554.690002,27829160710.56,8.701913833618164,73940292,093115,105330,9,2/2,2,自动化设,20260525
15,002951,金时科技,9.981285095214844,17.63,138465894,7071823612.75,7140150000.0,1.9730859994888306,42359072,093124,093330,1,1/1,1,其他电源,20260525
16,002897,意华股份,9.99722671508789,79.33,1343791008,14471792147.289999,15380555613.68,9.346606254577637,33818379,093124,134554,6,2/2,2,通信设备,20260525
17,002012,凯恩股份,9.974424362182617,8.6,345704224,4021579042.0,4021579059.2,8.678821563720703,48423142,093139,093457,3,1/1,1,造纸,20260525
18,600637,东方明珠,10.0,11.44,1446814928,38460133906.479996,38460133986.56,3.771557092666626,128476920,093139,093721,4,1/1,1,电视广播,20260525
19,002693,双成药业,10.047392845153809,11.61,462176928,4771496329.559999,4814547927.84,9.800926208496094,40047534,093145,110336,5,14/7,1,化学制药,20260525
20,002927,泰永长征,10.01846694946289,23.83,250449551,5259535099.29,5318669649.4,4.823670387268066,63704834,093148,093457,1,1/1,1,电网设备,20260525
21,002421,达实智能,10.091742515563965,4.8,3654134240,9616210492.8,10178791833.6,38.662052154541016,60176544,093206,132351,9,7/6,2,IT服务Ⅱ,20260525
22,002947,恒铭达,10.0,98.34,935174720,19501190578.32,25195626102.24,4.829633712768555,99319171,093215,094430,4,1/1,1,消费电子,20260525
23,002735,王子新材,9.970015525817871,14.67,189101445,4181820532.47,5504981343.84,4.5627336502075195,115605482,093306,093306,0,1/1,1,包装印刷,20260525
24,600186,莲花控股,10.042552947998047,12.93,3218485440,23133558102.63,23180446795.2,14.098462104797363,82860612,093429,111035,13,5/3,2,调味发酵,20260525
25,002976,瑞玛精密,9.993979454040527,36.54,104554615,2436284403.0,5470063102.98,4.4090352058410645,53922078,093451,093451,0,1/1,1,汽车零部,20260525
26,688001,华兴源创,20.002906799316406,82.55,1302085136,38927741848.45,38927741600.799995,3.3944530487060547,69707036,093515,101351,15,1/1,1,通用设备,20260525
27,601666,平煤股份,10.0,7.92,553400896,19557362206.8,19557362246.4,2.8455185890197754,22298760,093538,141817,6,1/1,1,煤炭开采,20260525
28,000926,福星股份,10.194174766540527,2.27,146659562,3571184759.15,3616030023.36,4.198415279388428,52340979,093548,093548,0,4/2,1,房地产开,20260525
29,002718,友邦吊顶,9.996265411376953,88.36,211335691,8304145608.64,11438010170.44,2.571331024169922,17000464,093633,103912,2,1/1,1,装修建材,20260525
30,603936,博敏电子,10.004426956176758,24.85,1507703968,15665390399.400002,16036897800.0,9.759536743164062,64437739,093653,095953,3,2/2,2,元件,20260525
31,600831,广电网络,9.975062370300293,4.41,147643314,3135276234.7200003,3135276234.7200003,4.782937526702881,17012457,093706,093706,0,1/1,1,电视广播,20260525
32,300868,杰美特,20.0,117.72,331729472,9507479337.72,15062509440.0,3.604274272918701,161117595,093709,093709,0,1/1,1,消费电子,20260525
33,002297,博云新材,10.007524490356445,29.24,3322352288,16757584907.56,16757584819.839998,20.158517837524414,139056960,093715,102315,7,1/1,1,航空装备,20260525
34,600578,京能电力,9.975668907165527,9.04,2151900336,60519373975.59999,60519373189.119995,3.6278891563415527,186982456,093723,094423,1,9/6,1,电力,20260525
35,002980,华盛昌,10.001718521118164,128.02,1510791264,12966767372.880001,24247136503.2,11.831716537475586,58231177,093733,102703,6,8/4,2,电网设备,20260525
36,605566,福莱蒽特,10.0,40.26,417060224,5368268400.0,5368268400.0,7.976107597351074,41882478,093818,103151,2,1/1,1,化学制品,20260525
37,600395,盘江股份,10.097086906433105,5.67,214839815,12171363148.98,12171363160.32,1.7859299182891846,43148881,093827,093827,0,1/1,1,煤炭开采,20260525
38,605198,安德利,9.996041297912598,55.57,127795489,15033685520.0,18570827160.0,0.8758168816566467,72807814,093839,093839,0,1/1,1,农产品加,20260525
39,002674,兴业科技,9.986226081848145,15.97,136806158,4672241522.440001,4719948575.68,2.9751474857330322,33021169,093903,093903,0,1/1,1,纺织制造,20260525
40,600603,广汇物流,9.962406158447266,5.85,136168275,6879265093.349999,6879265099.2,2.0094642639160156,36879570,093904,095246,1,1/1,1,物流,20260525
41,603990,麦迪科技,10.011848449707031,18.57,453763680,5687670314.67,5687670407.52,8.0857572555542,88437953,094251,094854,2,1/1,1,软件开发,20260525
42,002185,华天科技,9.980557441711426,16.97,4834879232,55427105502.369995,55440203949.6,8.916873931884766,710466936,094451,094451,0,1/1,1,半导体,20260525
43,603005,晶方科技,9.98978042602539,43.05,4510142720,28075991943.3,28075992201.6,16.417966842651367,251398310,094520,101405,2,4/2,1,半导体,20260525
44,600592,龙溪股份,9.984479904174805,21.26,650257216,8494508919.460001,8494508855.68,7.730535984039307,22182684,094735,145635,2,1/1,1,通用设备,20260525
45,600996,贵广网络,10.057143211364746,9.63,434013648,12006682594.02,12006682613.28,3.7118518352508545,72576976,094838,094838,0,1/1,1,电视广播,20260525
46,000980,众泰汽车,10.077519416809082,2.84,460899808,14320702678.119999,14320835502.08,3.298799753189087,76596739,094909,094909,0,1/1,1,汽车零部,20260525
47,000875,电投绿能,9.935897827148438,6.86,546452928,22928722457.620003,24883076480.64,2.424621343612671,38646496,095003,095003,0,1/1,1,电力,20260525
48,600376,首开股份,9.90783405303955,4.77,890641904,12304526204.339998,12304526232.96,7.355286598205566,41676005,095143,131210,2,1/1,1,房地产开,20260525
49,603001,奥康国际,10.010319709777832,10.66,454234320,4274446800.0,4274446800.0,10.801937103271484,5084820,095250,143845,26,2/2,2,服装家纺,20260525
50,603919,金徽酒,10.02597427368164,21.18,361506160,10743766736.46,10743766800.0,3.4502642154693604,33400860,095308,100214,2,4/2,1,白酒Ⅱ,20260525
51,600726,华电能源,10.015897750854492,6.92,950619584,51729326559.36,54718766448.64,1.8932396173477173,126469920,095333,095333,0,1/1,1,电力,20260525
52,002432,九安医疗,10.003755569458008,87.86,2674970912,40810099219.54,40864709393.28,6.678420066833496,54051296,095551,134448,7,2/2,2,医疗器械,20260525
53,603823,百合花,10.008627891540527,25.5,331699072,10617376452.0,10617376656.0,3.231131076812744,62284209,095923,095923,0,1/1,1,化学制品,20260525
54,605588,冠石科技,10.001626968383789,67.64,347225840,4944454306.04,4956353534.84,7.203872203826904,34959801,100226,111529,3,1/1,1,光学光电,20260525
55,600162,香江控股,9.77011489868164,1.91,171714205,6242716813.0199995,6242716824.48,2.812199354171753,47591852,100235,100623,2,1/1,1,房地产开,20260525
56,002388,新亚制程,9.962406158447266,5.85,206650685,2960851403.25,2987580960.0,7.193549633026123,72934875,100424,100424,0,1/1,1,其他电子,20260525
57,300196,长海股份,20.020071029663086,23.92,1021056992,5906471953.200001,9776543745.28,18.195634841918945,94899012,100512,100512,0,1/1,1,玻璃玻纤,20260525
58,600172,黄河旋风,10.009099960327148,12.09,2206864848,15429932017.5,17436010363.2,14.809863090515137,142830752,100654,100733,1,2/2,2,通用设备,20260525
59,002438,江苏神通,9.97521686553955,17.75,378198992,8322631839.25,9008789844.0,4.622178077697754,47628575,100903,101533,1,1/1,1,通用设备,20260525
60,688110,东芯股份,20.002880096435547,166.6,5192078848,73678809682.8,73678810016.0,7.298753261566162,213038750,101009,101009,0,1/1,1,半导体,20260525
61,000995,皇台酒业,9.97697639465332,14.33,375605840,2542256640.0,2542256640.0,15.37909984588623,78599132,101330,101330,0,1/1,1,白酒Ⅱ,20260525
62,002613,北玻股份,10.071942329406738,4.59,635973360,3551154094.44,5051610277.92,18.310134887695312,16154046,101821,103927,4,1/1,1,玻璃玻纤,20260525
63,600310,广西能源,10.0,5.61,1062763504,8222637150.42,8222637139.200001,13.241579055786133,46446536,101832,105614,2,1/1,1,电力,20260525
64,600520,三佳科技,9.990141868591309,33.47,450996896,5302652100.0,5302652100.0,8.780370712280273,77451554,102107,102107,0,1/1,1,专用设备,20260525
65,000510,新金路,9.973226547241211,16.43,1865677568,9966608740.56,10655571085.119999,18.94622230529785,17172636,102500,145227,12,2/2,2,化学原料,20260525
66,003036,泰坦股份,10.001964569091797,55.98,754270720,12107678412.24,12107959599.779999,6.595429420471191,50608383,102542,102542,0,4/2,1,专用设备,20260525
67,002957,科瑞技术,10.011454582214355,48.02,1270406640,20104949349.24,20167557921.280003,6.519266128540039,141577366,102545,102545,0,1/1,1,自动化设,20260525
68,300939,秋田微,19.996488571166992,68.35,896249248,8201999999.999999,8201999999.999999,11.703322410583496,104507150,102721,102721,0,1/1,1,光学光电,20260525
69,000966,长源电力,9.91561222076416,5.21,1032649008,16992533892.2,18136192475.04,6.205054759979248,39880497,102803,132518,4,1/1,1,电力,20260525
70,300975,商络电子,20.0,27.36,2818619824,13463125187.039999,18796473216.0,21.969451904296875,10067112,102815,133218,6,1/1,1,元件,20260525
71,603730,岱美股份,10.008339881896973,13.19,619657616,28339848786.02,28339848706.879997,2.2196178436279297,30254166,103200,110721,2,1/1,1,汽车零部,20260525
72,002552,宝鼎科技,9.994977951049805,43.8,1569531520,16140444058.199999,16993757366.4,10.007999420166016,45188460,104112,110733,2,13/8,2,元件,20260525
73,000564,供销大集,9.756096839904785,1.8,1450774144,27170783145.0,32504514048.0,5.5682759284973145,55470240,104327,133630,8,1/1,1,一般零售,20260525
74,600851,海欣股份,10.041265487670898,8.0,136599087,5905648880.0,9656453504.0,2.39166259765625,52721600,104651,104651,0,1/1,1,化学制药,20260525
75,300779,惠城环保,20.0,82.44,1261717552,13376475571.32,17534172421.079998,9.9795503616333,76625259,104754,130215,4,1/1,1,环境治理,20260525
76,002645,华宏科技,10.013764381408691,31.97,1397811104,17868913805.47,20064383764.96,8.025912284851074,47885113,105421,140230,7,4/2,1,环保设备,20260525
77,603010,万盛股份,9.985315322875977,14.98,249974258,8550258829.14,8763753714.24,3.026667356491089,75603760,105507,105507,0,1/1,1,化学制品,20260525
78,000509,华塑控股,9.948979377746582,4.31,538588944,4625167922.48,4625181886.879999,11.924080848693848,11748629,105633,142212,3,1/1,1,光学光电,20260525
79,002051,中工国际,10.046948432922363,11.72,711845712,14373547761.0,14374382541.44,5.093255043029785,55610790,105951,105951,0,1/1,1,专业工程,20260525
80,603956,威派格,9.932659149169922,6.53,251749901,3721488047.58,3721488060.6400003,6.956878185272217,68597219,111238,111238,0,1/1,1,专用设备,20260525
81,603360,百傲化学,10.004293441772461,25.62,825548640,18093450015.48,18093449861.760002,4.762677192687988,68153811,112206,131839,2,1/1,1,农化制品,20260525
82,300626,华瑞股份,19.987699508666992,39.02,699907392,7019757505.500001,7023600000.000001,10.292389869689941,50198254,112515,131136,4,1/1,1,电机Ⅱ,20260525
83,002409,雅克科技,10.0,128.15,4855324928,40818690028.05,60990132192.0,12.34496021270752,125766410,112948,144339,1,1/1,1,半导体,20260525
84,688347,华虹公司,20.0,214.8,9976682240,87584700000.0,373243501382.4,12.309550285339355,274895025,130016,134631,9,1/1,1,半导体,20260525
85,603203,快克智能,10.0,66.55,854629600,16581153312.9,16894723602.9,5.395655155181885,66762960,130018,130018,0,1/1,1,自动化设,20260525
86,603256,宏和科技,10.001882553100586,175.31,3478772544,154225028025.0,158583050198.88,2.3236172199249268,148715473,130727,130727,0,2/2,2,玻璃玻纤,20260525
87,002156,通富微电,9.993694305419922,69.78,15342505984,105887816051.16,105897912519.36,15.021210670471191,294115442,131154,135842,4,1/1,1,半导体,20260525
88,002056,横店东磁,10.014727592468262,22.41,2068790752,36416958357.69,36454617712.8,5.8592634201049805,27089208,131215,134254,9,1/1,1,光伏设备,20260525
89,603303,得邦照明,10.017730712890625,24.82,232554981,11837764351.5,11837764376.32,2.033409357070923,8598045,131407,140613,14,1/1,1,照明设备,20260525
90,688362,甬矽电子,20.0,67.56,3341188832,27732737571.96,27732737909.760002,12.980061531066895,68707303,131512,135745,7,1/1,1,半导体,20260525
91,600863,华能蒙电,10.018552780151367,5.93,2127525488,38704444719.229996,46462673758.72,5.727101802825928,58639694,132819,132819,0,1/1,1,电力,20260525
92,605580,恒盛能源,10.0,24.31,462764096,6806800000.0,6806800000.0,7.047299861907959,47499795,133019,133019,0,2/2,2,电力,20260525
93,603083,剑桥科技,10.0,209.0,6653010944,57597969957.0,73703926912.0,12.118490219116211,189640539,133533,133533,0,1/1,1,通信设备,20260525
94,603663,三祥新材,10.001980781555176,55.54,1629108336,23483408915.0,23510067781.76,7.218650817871094,41046337,133741,135144,5,4/3,2,化学原料,20260525
95,002851,麦格米特,9.997507095336914,132.36,3927376352,60633037398.36001,76984229136.00002,6.5914506912231445,125477280,135933,135933,0,1/1,1,其他电源,20260525
96,002745,木林森,9.959349632263184,10.82,1185817040,11513443023.28,16058680448.0,10.7294921875,52030134,140718,141427,3,1/1,1,光学光电,20260525
97,000518,四环生物,9.927360534667969,4.54,1301657904,4674092046.22,4674185256.96,31.316387176513672,37004178,141536,144648,3,4/4,4,生物制品,20260525
98,300835,龙磁科技,20.002819061279297,170.2,1523203760,14151143691.0,20295931308.0,11.771120071411133,28876132,142118,143318,2,1/1,1,金属新材,20260525
99,600969,郴电国际,9.980620384216309,11.35,270075152,4200072993.4,4200072948.0,6.715935230255127,43110080,142308,142308,0,1/1,1,电力,20260525
100,000988,华工科技,9.999360084533691,171.94,17898491904,172797233864.58,172886134925.76,10.852076530456543,380062365,143100,143100,0,1/1,1,自动化设,20260525
101,600584,长电科技,10.002744674682617,80.17,21048787200,143457366076.9,143457366557.92,15.37592601776123,507605815,144039,144039,0,1/1,1,半导体,20260525
102,600234,科新发展,10.007698059082031,28.58,353844480,7502849408.339999,7502849408.339999,4.910851001739502,6510524,144109,144109,0,2/2,2,装修装饰,20260525
103,600396,华电辽能,10.027472496032715,16.02,4258079376,23592763208.34,23592763192.32,18.657251358032227,88923816,144622,144640,1,1/1,1,电力,20260525
